{"temp": 0.6917649893437251, "tie_alpha": 0.5422178274405969}