id,winner_model_a,winner_model_b,winner_tie
136060,0.22623315,0.21360748,0.5601594
211333,0.28308526,0.46098235,0.25593242
1233961,0.2969218,0.32032058,0.38275757
