id,winner_model_a,winner_model_b,winner_tie
136060,0.31178772,0.3166852,0.37152705
211333,0.36075255,0.34202135,0.2972261
1233961,0.36798462,0.34313628,0.28887913
