id,pA,pB,pTie
136060,0.279984,0.2816464,0.43836963
211333,0.29067793,0.40614358,0.3031785
1233961,0.28816622,0.35869172,0.35314202
