id,pA,pB,pTie
136060,0.3018471,0.28340834,0.41474462
211333,0.28746977,0.3482979,0.36423233
1233961,0.3368253,0.4456569,0.21751778
