id,pA,pB,pTie
136060,0.2911379,0.2799037,0.42895836
211333,0.29254487,0.3453573,0.3620979
1233961,0.33916143,0.4234518,0.2373868
