{
  "strategies": {
    "weighted_logit_blend": {
      "cv_mean": 1.060914385887755,
      "cv_std": 0.00155506780205996,
      "cv_losses": [
        1.0594141607756649,
        1.0627199737621955,
        1.0621805353890472,
        1.0587607122824116,
        1.0614965472294553
      ],
      "weights": [
        0.9999999999989999
      ],
      "classwise": false,
      "model_order": [
        "teacher2_reward"
      ]
    },
    "stacking_lr": {
      "cv_mean": 1.0324136245898816,
      "cv_std": 0.002469923871279697,
      "cv_losses": [
        1.0287082480388032,
        1.0322085256371965,
        1.0359311791756418,
        1.0311471504987062,
        1.0340730195990615
      ]
    }
  },
  "chosen": "stacking_lr",
  "tie_stats": {
    "pred_tie_rate": 0.27976407954486143,
    "true_tie_rate": 0.30901056074603755
  },
  "n_models_used": 1,
  "models_used": [
    "teacher2_reward"
  ],
  "n_folds": 5
}