id,winner_model_a,winner_model_b,winner_tie
136060,0.30653562646744914,0.28393698683434215,0.4095273866972087
211333,0.31703892688122204,0.3790485847600511,0.3039124883577269
1233961,0.2608912552205462,0.43244225589679824,0.3066664888816556
