id,winner_model_a,winner_model_b,winner_tie
136060,0.32936353228604465,0.276053430326262,0.3945830373866932
211333,0.2920469454399935,0.41093509513821097,0.2970179594207955
1233961,0.2047621128479045,0.4549927394431689,0.3402451477079265
