id,pA,pB,pTie
136060,0.3401418,0.32308227,0.33677587
211333,0.34224832,0.32215708,0.33559456
1233961,0.34160084,0.32280335,0.33559582
