id,winner_model_a,winner_model_b,winner_tie
136060,0.3469380854097658,0.27281108585806174,0.3802508287311724
211333,0.3117436057808771,0.3862473515525143,0.3020090426656084
1233961,0.22790222901226082,0.428136184433765,0.34396158655297404
